País,Código de País,Código de ubicación,Año,Hombres,Mujeres
   Burundi,BY,108,2000,61094,64534
   Comoros,COM,174,2000,6511,7288
   Djibouti,DJI,262,2000,52920,47587
   Eritrea,ERI,232,2000,6856,6096
   Ethiopia,ETH,231,2000,322219,289165
   Kenya,KEN,404,2000,352933,354919
   Madagascar,MDG,450,2000,13276,10265
   Malawi,MWI,454,2000,111530,121090
   Mauritius*,MUS,480,2000,5705,9838
   Mayotte*,MYT,175,2000,23546,21928
   Mozambique,MOZ,508,2000,103175,92527
   Réunion*,REU,638,2000,52264,48414
   Rwanda,RWA,646,2000,175741,171335
   Seychelles,SYC,690,2000,3837,2737
   Somalia,SOM,706,2000,10628,9469
   South Sudan,SSD,728,2000,0,0
   Uganda,UGS,800,2000,290859,293421
   United Republic of Tanzania*,TZA,834,2000,481816,467784
   Zambia,ZMB,894,2000,175114,168589
   Zimbabwe,ZWE,716,2000,233881,176228
   Angola,AGO,24,2000,23367,22741
   Cameroon,CMR,120,2000,124008,103234
   Central African Republic,CAF,140,2000,65636,57893
   Chad,TCD,148,2000,56463,48362
   Congo,COG,178,2000,153107,152773
   Democratic Republic of the Congo,COD,180,2000,365092,379295
   Equatorial Guinea,GNQ,226,2000,2394,2123
   Gabon,GAB,266,2000,122986,91445
   Sao Tome and Principe,STP,678,2000,2212,2153
   Algeria,DZA,12,2000,137158,112952
   Egypt,EGY,818,2000,98224,86550
   Libya,LBY,434,2000,368950,198486
   Morocco,MAR,504,2000,27233,25801
   Sudan,SND,729,2000,404618,400468
   Tunisia,TUN,788,2000,18679,18040
   Western Sahara,ESH,732,2000,1837,1452
   Botswana,BWA,72,2000,43840,31094
   Eswatini,SWZ,748,2000,17921,16163
   Lesotho,LSO,426,2000,3335,2832
   Namibia,NAM,516,2000,73154,62393
   South Africa,ZAF,710,2000,607602,409361
   Benin,BEN,204,2000,72190,62465
   Burkina Faso,BFA,854,2000,250555,269808
   Cabo Verde,CPV,132,2000,5753,5274
   Côte d'Ivoire,CIV,384,2000,1198496,965148
   Gambia,GMB,270,2000,97138,85376
   Ghana,GHA,288,2000,97279,94322
   Guinea,GIN,324,2000,279108,280967
   Guinea-Bissau,GNB,624,2000,10155,10295
   Liberia,LBR,430,2000,82129,69739
   Mali,MLI,466,2000,97752,91723
   Mauritania,MRT,478,2000,31163,26203
   Niger,NER,562,2000,58192,64068
   Nigeria,NGA,566,2000,270211,217671
   Saint Helena*,SHN,654,2000,61,47
   Senegal,SEN,686,2000,121492,110409
   Sierra Leone,SLE,694,2000,54184,43790
   Togo,TGO,768,2000,69112,68856
   Kazakhstan,KAZ,398,2000,1323580,1550614
   Kyrgyzstan,KGZ,417,2000,162927,226897
   Tajikistan,TJK,762,2000,131653,167846
   Turkmenistan,TKM,795,2000,102810,116257
   Uzbekistan,UZB,860,2000,606163,800335
   China*,CHN,156,2000,254082,253952
"   China, Hong Kong SAR*",HKG,344,2000,1225629,1443493
"   China, Macao SAR*",MAC,446,2000,109391,131400
"   China, Taiwan Province of China*",TWN,158,2000,0,0
   Dem. People's Republic of Korea,PRK,408,2000,17731,18452
   Japan,JPN,392,2000,796928,889516
   Mongolia,MNG,496,2000,4564,3642
   Republic of Korea,KOR,410,2000,143212,101012
   Brunei Darussalam,BRN,96,2000,53807,42489
   Cambodia,KHM,116,2000,71638,74447
   Indonesia,IDN,360,2000,153315,138992
   Lao People's Democratic Republic,LAO,418,2000,11564,10384
   Malaysia*,MYS,458,2000,822679,640919
   Myanmar,MMR,104,2000,52150,45861
   Philippines,PHL,608,2000,161904,156191
   Singapore,SGP,702,2000,601671,750020
   Thailand,THA,764,2000,647728,610093
   Timor-Leste,TLS,626,2000,5095,5507
   Viet Nam,VNM,704,2000,32825,23929
   Afghanistan,AFG,4,2000,42848,33069
   Bangladesh,BGD,50,2000,531907,455946
   Bhutan,BTN,64,2000,26200,5937
   India,IND,356,2000,3303591,3107740
   Iran (Islamic Republic of),IRN,364,2000,1365390,1111079
   Maldives,MDV,462,2000,14907,12185
   Nepal,NPL,524,2000,241959,475941
   Pakistan,PAK,586,2000,2249960,1931952
   Sri Lanka,LKA,144,2000,21971,18161
   Armenia,ARM,51,2000,270170,387730
   Azerbaijan*,AZE,31,2000,141161,186379
   Bahrain,BHR,48,2000,165344,74017
   Cyprus*,CYP,196,2000,34745,45331
   Georgia*,GEO,268,2000,33321,42796
   Iraq,IRQ,368,2000,120464,90061
   Israel,ISR,376,2000,853712,997597
   Jordan,JOR,400,2000,982977,944868
   Kuwait,KWT,414,2000,761512,366128
   Lebanon,LBN,422,2000,353305,339608
   Oman,OMN,512,2000,488389,135219
   Qatar,QAT,634,2000,274242,85455
   Saudi Arabia,SAU,682,2000,3517768,1745619
   State of Palestine*,PSE,275,2000,124555,150647
   Syrian Arab Republic,SYR,760,2000,427981,406935
   Turkey,TUR,792,2000,616007,664956
   United Arab Emirates,ARE,784,2000,1757200,689810
   Yemen,YEM,887,2000,80514,64426
   Belarus,BLR,112,2000,514593,608993
   Bulgaria,BGR,100,2000,18238,25122
   Czechia,CZE,203,2000,119227,101562
   Hungary,HUN,348,2000,138219,158738
   Poland,POL,616,2000,338323,486928
   Republic of Moldova*,MDA,498,2000,101097,146731
   Romania,ROU,642,2000,63121,71133
   Russian Federation,RUS,643,2000,5982851,5917446
   Slovakia,SVK,703,2000,51253,65123
   Ukraine*,UKR,804,2000,2368364,3158723
   Channel Islands*,CHA,830,2000,30234,34067
   Denmark*,DNK,208,2000,179977,191049
   Estonia,EST,233,2000,100844,148668
   Faroe Islands*,FRO,234,2000,1921,1672
   Finland*,FIN,246,2000,67469,68734
   Iceland,ISL,352,2000,7207,8685
   Ireland,IRL,372,2000,172959,177593
   Isle of Man*,IMN,833,2000,18725,20277
   Latvia,LVA,428,2000,177632,252546
   Lithuania,LTU,440,2000,100546,113765
   Norway*,NOR,578,2000,144826,147614
   Sweden,SWE,752,2000,480211,523587
   United Kingdom*,GBR,826,2000,2228628,2501537
   Albania,ALB,8,2000,35990,40705
   Andorra,AND,20,2000,22093,20054
   Bosnia and Herzegovina,BIH,70,2000,39691,43261
   Croatia,HRV,191,2000,274823,310475
   Gibraltar*,GIB,292,2000,3865,4189
   Greece,GRC,300,2000,559794,551871
   Holy See*,VAT,336,2000,379,411
   Italy,ITA,380,2000,976691,1144997
   Malta,MLT,470,2000,10289,11232
   Montenegro,MNE,499,2000,0,0
   North Macedonia,MNP,807,2000,52385,73280
   Portugal,PRT,620,2000,320319,331153
   San Marino,SMR,674,2000,2175,1870
   Serbia*,SRB,688,2000,437602,540271
   Slovenia,SVN,705,2000,114772,99736
   Spain*,ESP,724,2000,838058,819227
   Austria,AUT,40,2000,478318,518229
   Belgium,BEL,56,2000,636275,632093
   France*,FRA,250,2000,3092789,3185929
   Germany,DEU,276,2000,4503666,4488965
   Liechtenstein,LIE,438,2000,7980,7503
   Luxembourg,LUX,442,2000,69286,70464
   Monaco,MCO,492,2000,10458,11329
   Netherlands*,NLD,528,2000,765302,791035
   Switzerland,CHE,756,2000,841855,728901
   Anguilla*,AIA,660,2000,1910,2153
   Antigua and Barbuda,ATG,28,2000,10316,12755
   Aruba*,ABW,533,2000,13519,16585
   Bahamas,BHS,44,2000,19414,17040
   Barbados,BRB,52,2000,12405,16019
"   Bonaire, Sint Eustatius and Saba*",BES,535,2000,0,0
   British Virgin Islands*,VGB,92,2000,6386,6572
   Cayman Islands*,CYM,136,2000,9671,9505
   Cuba,CUB,192,2000,8212,10333
   Curaçao*,CUW,531,2000,0,0
   Dominica,DMA,212,2000,1955,1768
   Dominican Republic,DOM,214,2000,216008,139603
   Grenada,GRD,308,2000,3386,3439
   Guadeloupe*,GLP,312,2000,39778,43410
   Haiti,HTI,332,2000,9572,7650
   Jamaica,JAM,388,2000,12503,12449
   Martinique*,MTQ,474,2000,25451,29041
   Montserrat*,MSR,500,2000,622,589
   Puerto Rico*,PRI,630,2000,168480,186558
   Saint Barthélemy*,BLM,652,2000,0,0
   Saint Kitts and Nevis,KNA,659,2000,3068,2803
   Saint Lucia,LCA,662,2000,4960,4911
   Saint Martin (French part)*,MAF,663,2000,0,0
   Saint Vincent and the Grenadines,VCT,670,2000,2099,2208
   Sint Maarten (Dutch part)*,SXM,534,2000,0,0
   Trinidad and Tobago,TTO,780,2000,19288,22465
   Turks and Caicos Islands*,TCA,796,2000,4665,4350
   United States Virgin Islands*,VIR,850,2000,26730,29881
   Belize,BLZ,84,2000,18631,17857
   Costa Rica,CRI,188,2000,156798,154148
   El Salvador,SLV,222,2000,14909,16804
   Guatemala,GTM,320,2000,21211,26908
   Honduras,HND,340,2000,14581,13880
   Mexico,MEX,484,2000,270896,267155
   Nicaragua,NIC,558,2000,15423,14966
   Panama,PAN,591,2000,42437,40973
   Argentina,ARG,32,2000,717924,822295
   Bolivia (Plurinational State of),BOL,68,2000,47665,44993
   Brazil,BRA,76,2000,366156,318440
   Chile,CHL,152,2000,84717,92615
   Colombia,COL,170,2000,56223,53386
   Ecuador,ECU,218,2000,77227,74296
   Falkland Islands (Malvinas)*,FLK,238,2000,636,431
   French Guiana*,GUF,254,2000,38895,37754
   Guyana,GUY,328,2000,4611,3999
   Paraguay,PRY,600,2000,92052,84556
   Peru,PER,604,2000,32839,33461
   Suriname,SUR,740,2000,14938,12568
   Uruguay,URY,858,2000,41095,47779
   Venezuela (Bolivarian Republic of),VEN,862,2000,508682,505056
   Bermuda*,BMU,60,2000,8540,9144
   Canada,CAN,124,2000,2659135,2852779
   Greenland*,GRL,304,2000,4616,1985
   Saint Pierre and Miquelon*,SPM,666,2000,756,702
   United States of America*,USA,840,2000,17310785,17503268
   Australia*,AUS,36,2000,2189900,2196350
   New Zealand*,NZL,554,2000,329927,348886
   Fiji,FJI,242,2000,6601,6118
   New Caledonia*,NCL,540,2000,26932,22719
   Papua New Guinea,PNG,598,2000,15874,10430
   Solomon Islands,SLB,90,2000,2224,1757
   Vanuatu,VUT,548,2000,1320,1306
   Guam*,GUM,316,2000,38280,35790
   Kiribati,KIR,296,2000,1188,1095
   Marshall Islands,MHL,584,2000,1164,727
   Micronesia (Fed. States of),FSM,583,2000,1721,1395
   Nauru,NRU,520,2000,1283,1111
   Northern Mariana Islands*,MNP,580,2000,17387,22735
   Palau,PLW,585,2000,3905,2405
   American Samoa*,ASM,16,2000,12898,12014
   Cook Islands*,COK,184,2000,1552,1233
   French Polynesia*,PYF,258,2000,17604,12725
   Niue*,NIU,570,2000,268,230
   Samoa,WSM,882,2000,3101,2897
   Tokelau*,TKL,772,2000,366,346
   Tonga,TON,776,2000,1981,1703
   Tuvalu,TUV,798,2000,121,97
   Wallis and Futuna Islands*,WLF,876,2000,1018,997
   Burundi,BY,108,2005,94413,98361
   Comoros,COM,174,2005,6286,6923
   Djibouti,DJI,262,2005,51331,40779
   Eritrea,ERI,232,2005,8603,7302
   Ethiopia,ETH,231,2005,269834,244617
   Kenya,KEN,404,2005,400364,372990
   Madagascar,MDG,450,2005,14744,11314
   Malawi,MWI,454,2005,105931,115730
   Mauritius*,MUS,480,2005,8943,10704
   Mayotte*,MYT,175,2005,31364,31812
   Mozambique,MOZ,508,2005,130290,138404
   Réunion*,REU,638,2005,59196,55880
   Rwanda,RWA,646,2005,213279,209908
   Seychelles,SYC,690,2005,5820,3177
   Somalia,SOM,706,2005,11098,9670
   South Sudan,SSD,728,2005,0,0
   Uganda,UGS,800,2005,292130,301178
   United Republic of Tanzania*,TZA,834,2005,486983,284170
   Zambia,ZMB,894,2005,128628,124267
   Zimbabwe,ZWE,716,2005,229254,172972
   Angola,AGO,24,2005,30736,31595
   Cameroon,CMR,120,2005,146129,119374
   Central African Republic,CAF,140,2005,51299,45110
   Chad,TCD,148,2005,159745,192385
   Congo,COG,178,2005,173229,145495
   Democratic Republic of the Congo,COD,180,2005,302359,320650
   Equatorial Guinea,GNQ,226,2005,3564,3024
   Gabon,GAB,266,2005,135107,98717
   Sao Tome and Principe,STP,678,2005,1727,1706
   Algeria,DZA,12,2005,108434,89294
   Egypt,EGY,818,2005,165211,119795
   Libya,LBY,434,2005,445685,179727
   Morocco,MAR,504,2005,28486,27736
   Sudan,SND,729,2005,278084,268335
   Tunisia,TUN,788,2005,18000,17040
   Western Sahara,ESH,732,2005,2224,1667
   Botswana,BWA,72,2005,49159,35502
   Eswatini,SWZ,748,2005,17369,16023
   Lesotho,LSO,426,2005,3402,2888
   Namibia,NAM,516,2005,57625,49722
   South Africa,ZAF,710,2005,782272,568759
   Benin,BEN,204,2005,122368,125952
   Burkina Faso,BFA,854,2005,285871,311787
   Cabo Verde,CPV,132,2005,6523,6177
   Côte d'Ivoire,CIV,384,2005,1254690,1010400
   Gambia,GMB,270,2005,96196,85643
   Ghana,GHA,288,2005,159527,150405
   Guinea,GIN,324,2005,113528,119891
   Guinea-Bissau,GNB,624,2005,10380,10522
   Liberia,LBR,430,2005,51197,36020
   Mali,MLI,466,2005,133344,125286
   Mauritania,MRT,478,2005,32642,25569
   Niger,NER,562,2005,59194,65315
   Nigeria,NGA,566,2005,564612,405102
   Saint Helena*,SHN,654,2005,85,78
   Senegal,SEN,686,2005,124854,113444
   Sierra Leone,SLE,694,2005,76709,69518
   Togo,TGO,768,2005,103233,100986
   Kazakhstan,KAZ,398,2005,1472820,1630207
   Kyrgyzstan,KGZ,417,2005,128064,181335
   Tajikistan,TJK,762,2005,121403,159063
   Turkmenistan,TKM,795,2005,101214,111839
   Uzbekistan,UZB,860,2005,589690,740242
   China*,CHN,156,2005,379920,299027
"   China, Hong Kong SAR*",HKG,344,2005,1185121,1536114
"   China, Macao SAR*",MAC,446,2005,130387,148921
"   China, Taiwan Province of China*",TWN,158,2005,0,0
   Dem. People's Republic of Korea,PRK,408,2005,19749,20348
   Japan,JPN,392,2005,931198,1080357
   Mongolia,MNG,496,2005,7577,3900
   Republic of Korea,KOR,410,2005,284305,201760
   Brunei Darussalam,BRN,96,2005,55265,43176
   Cambodia,KHM,116,2005,57545,56551
   Indonesia,IDN,360,2005,165287,124023
   Lao People's Democratic Republic,LAO,418,2005,10930,9441
   Malaysia*,MYS,458,2005,1133541,784963
   Myanmar,MMR,104,2005,44506,38519
   Philippines,PHL,608,2005,133023,124445
   Singapore,SGP,702,2005,758762,951832
   Thailand,THA,764,2005,1102248,1093362
   Timor-Leste,TLS,626,2005,5578,5708
   Viet Nam,VNM,704,2005,31106,20662
   Afghanistan,AFG,4,2005,49281,38033
   Bangladesh,BGD,50,2005,572146,490124
   Bhutan,BTN,64,2005,32742,7537
   India,IND,356,2005,2931489,3005251
   Iran (Islamic Republic of),IRN,364,2005,1401736,1150470
   Maldives,MDV,462,2005,27079,17966
   Nepal,NPL,524,2005,235852,444877
   Pakistan,PAK,586,2005,1710343,1464215
   Sri Lanka,LKA,144,2005,21318,18208
   Armenia,ARM,51,2005,191432,277757
   Azerbaijan*,AZE,31,2005,135143,166691
   Bahrain,BHR,48,2005,288614,115404
   Cyprus*,CYP,196,2005,53532,69317
   Georgia*,GEO,268,2005,31215,40081
   Iraq,IRQ,368,2005,81877,52986
   Israel,ISR,376,2005,867805,1021698
   Jordan,JOR,400,2005,1119171,1079569
   Kuwait,KWT,414,2005,918718,414812
   Lebanon,LBN,422,2005,382830,359413
   Oman,OMN,512,2005,527845,138319
   Qatar,QAT,634,2005,498428,147598
   Saudi Arabia,SAU,682,2005,4469805,2032014
   State of Palestine*,PSE,275,2005,124608,149912
   Syrian Arab Republic,SYR,760,2005,452524,429874
   Turkey,TUR,792,2005,621694,702414
   United Arab Emirates,ARE,784,2005,2388299,892816
   Yemen,YEM,887,2005,98879,72992
   Belarus,BLR,112,2005,506988,599994
   Bulgaria,BGR,100,2005,26594,34480
   Czechia,CZE,203,2005,181719,140821
   Hungary,HUN,348,2005,174216,192571
   Poland,POL,616,2005,297039,425470
   Republic of Moldova*,MDA,498,2005,67924,103198
   Romania,ROU,642,2005,70153,75009
   Russian Federation,RUS,643,2005,5806597,5860991
   Slovakia,SVK,703,2005,58716,71775
   Ukraine*,UKR,804,2005,2168060,2882242
   Channel Islands*,CHA,830,2005,33611,37330
   Denmark*,DNK,208,2005,213097,227286
   Estonia,EST,233,2005,94244,139457
   Faroe Islands*,FRO,234,2005,2450,2133
   Finland*,FIN,246,2005,96429,95740
   Iceland,ISL,352,2005,12413,13079
   Ireland,IRL,372,2005,309910,279136
   Isle of Man*,IMN,833,2005,20214,21261
   Latvia,LVA,428,2005,154745,221980
   Lithuania,LTU,440,2005,94189,107020
   Norway*,NOR,578,2005,176444,184700
   Sweden,SWE,752,2005,538490,587300
   United Kingdom*,GBR,826,2005,2818177,3107979
   Albania,ALB,8,2005,32993,31746
   Andorra,AND,20,2005,26466,23832
   Bosnia and Herzegovina,BIH,70,2005,22481,24806
   Croatia,HRV,191,2005,271645,307628
   Gibraltar*,GIB,292,2005,4518,4693
   Greece,GRC,300,2005,587677,603030
   Holy See*,VAT,336,2005,381,417
   Italy,ITA,380,2005,1820290,2134500
   Malta,MLT,470,2005,11899,12661
   Montenegro,MNE,499,2005,0,0
   North Macedonia,MNP,807,2005,53220,74447
   Portugal,PRT,620,2005,376774,394410
   San Marino,SMR,674,2005,2302,1916
   Serbia*,SRB,688,2005,383088,471760
   Slovenia,SVN,705,2005,116741,100477
   Spain*,ESP,724,2005,2140680,1966546
   Austria,AUT,40,2005,538924,588240
   Belgium,BEL,56,2005,620924,627809
   France*,FRA,250,2005,3300859,3436741
   Germany,DEU,276,2005,4676178,4726269
   Liechtenstein,LIE,438,2005,9434,9464
   Luxembourg,LUX,442,2005,74951,75667
   Monaco,MCO,492,2005,10322,10990
   Netherlands*,NLD,528,2005,843444,892683
   Switzerland,CHE,756,2005,922387,883050
   Anguilla*,AIA,660,2005,2210,2474
   Antigua and Barbuda,ATG,28,2005,11052,13689
   Aruba*,ABW,533,2005,14559,17981
   Bahamas,BHS,44,2005,23613,21918
   Barbados,BRB,52,2005,13575,17049
"   Bonaire, Sint Eustatius and Saba*",BES,535,2005,0,0
   British Virgin Islands*,VGB,92,2005,7401,7615
   Cayman Islands*,CYM,136,2005,10515,10164
   Cuba,CUB,192,2005,5152,6541
   Curaçao*,CUW,531,2005,0,0
   Dominica,DMA,212,2005,2491,2253
   Dominican Republic,DOM,214,2005,227826,147591
   Grenada,GRD,308,2005,3424,3478
   Guadeloupe*,GLP,312,2005,41273,47792
   Haiti,HTI,332,2005,9093,7267
   Jamaica,JAM,388,2005,12248,12036
   Martinique*,MTQ,474,2005,25891,31143
   Montserrat*,MSR,500,2005,639,605
   Puerto Rico*,PRI,630,2005,166780,185364
   Saint Barthélemy*,BLM,652,2005,0,0
   Saint Kitts and Nevis,KNA,659,2005,3501,3181
   Saint Lucia,LCA,662,2005,4841,4998
   Saint Martin (French part)*,MAF,663,2005,0,0
   Saint Vincent and the Grenadines,VCT,670,2005,2198,2238
   Sint Maarten (Dutch part)*,SXM,534,2005,6285,6814
   Trinidad and Tobago,TTO,780,2005,20647,24165
   Turks and Caicos Islands*,TCA,796,2005,6787,6328
   United States Virgin Islands*,VIR,850,2005,26726,29921
   Belize,BLZ,84,2005,21052,20386
   Costa Rica,CRI,188,2005,176445,181953
   El Salvador,SLV,222,2005,17034,18995
   Guatemala,GTM,320,2005,26048,31166
   Honduras,HND,340,2005,14476,13458
   Mexico,MEX,484,2005,359724,352924
   Nicaragua,NIC,558,2005,17774,17145
   Panama,PAN,591,2005,55632,53829
   Argentina,ARG,32,2005,775308,898855
   Bolivia (Plurinational State of),BOL,68,2005,56019,51726
   Brazil,BRA,76,2005,343019,295563
   Chile,CHL,152,2005,131414,144946
   Colombia,COL,170,2005,54938,51585
   Ecuador,ECU,218,2005,97472,92421
   Falkland Islands (Malvinas)*,FLK,238,2005,675,491
   French Guiana*,GUF,254,2005,42729,43739
   Guyana,GUY,328,2005,5817,5051
   Paraguay,PRY,600,2005,87698,80545
   Peru,PER,604,2005,38959,38918
   Suriname,SUR,740,2005,18338,15324
   Uruguay,URY,858,2005,37658,44659
   Venezuela (Bolivarian Republic of),VEN,862,2005,538197,538277
   Bermuda*,BMU,60,2005,8783,9325
   Canada,CAN,124,2005,2915838,3163147
   Greenland*,GRL,304,2005,4461,2095
   Saint Pierre and Miquelon*,SPM,666,2005,597,550
   United States of America*,USA,840,2005,19614878,19643415
   Australia*,AUS,36,2005,2419190,2458840
   New Zealand*,NZL,554,2005,407690,432262
   Fiji,FJI,242,2005,6563,5871
   New Caledonia*,NCL,540,2005,29909,25496
   Papua New Guinea,PNG,598,2005,17851,12120
   Solomon Islands,SLB,90,2005,1830,1441
   Vanuatu,VUT,548,2005,1398,1402
   Guam*,GUM,316,2005,38602,36141
   Kiribati,KIR,296,2005,1312,1175
   Marshall Islands,MHL,584,2005,1485,932
   Micronesia (Fed. States of),FSM,583,2005,1565,1340
   Nauru,NRU,520,2005,1208,1045
   Northern Mariana Islands*,MNP,580,2005,15977,21565
   Palau,PLW,585,2005,3620,2423
   American Samoa*,ASM,16,2005,12498,11735
   Cook Islands*,COK,184,2005,1724,1553
   French Polynesia*,PYF,258,2005,18405,13881
   Niue*,NIU,570,2005,282,240
   Samoa,WSM,882,2005,2940,2806
   Tokelau*,TKL,772,2005,500,503
   Tonga,TON,776,2005,2324,1977
   Tuvalu,TUV,798,2005,115,94
   Wallis and Futuna Islands*,WLF,876,2005,1107,1084
   Burundi,BY,108,2010,121762,125559
   Comoros,COM,174,2010,6060,6558
   Djibouti,DJI,262,2010,53669,48638
   Eritrea,ERI,232,2010,8679,7134
   Ethiopia,ETH,231,2010,298069,270679
   Kenya,KEN,404,2010,473093,481832
   Madagascar,MDG,450,2010,16410,12495
   Malawi,MWI,454,2010,103869,113853
   Mauritius*,MUS,480,2010,13188,11648
   Mayotte*,MYT,175,2010,34500,38257
   Mozambique,MOZ,508,2010,148105,158366
   Réunion*,REU,638,2010,62707,60322
   Rwanda,RWA,646,2010,214048,212853
   Seychelles,SYC,690,2010,7804,3616
   Somalia,SOM,706,2010,25213,22893
   South Sudan,SSD,728,2010,119106,111626
   Uganda,UGS,800,2010,241903,251027
   United Republic of Tanzania*,TZA,834,2010,154591,155256
   Zambia,ZMB,894,2010,75941,74021
   Zimbabwe,ZWE,716,2010,227201,171106
   Angola,AGO,24,2010,162332,174035
   Cameroon,CMR,120,2010,161485,129989
   Central African Republic,CAF,140,2010,50411,44274
   Chad,TCD,148,2010,186821,230213
   Congo,COG,178,2010,231105,194068
   Democratic Republic of the Congo,COD,180,2010,284693,305189
   Equatorial Guinea,GNQ,226,2010,4734,3924
   Gabon,GAB,266,2010,158680,112149
   Sao Tome and Principe,STP,678,2010,1352,1348
   Algeria,DZA,12,2010,114894,102374
   Egypt,EGY,818,2010,174104,135913
   Libya,LBY,434,2010,491303,195889
   Morocco,MAR,504,2010,35881,35308
   Sudan,SND,729,2010,314552,304157
   Tunisia,TUN,788,2010,22236,20936
   Western Sahara,ESH,732,2010,2612,1881
   Botswana,BWA,72,2010,54019,40844
   Eswatini,SWZ,748,2010,16790,15847
   Lesotho,LSO,426,2010,3469,2945
   Namibia,NAM,516,2010,55803,48023
   South Africa,ZAF,710,2010,1221739,893062
   Benin,BEN,204,2010,143632,165593
   Burkina Faso,BFA,854,2010,320939,353499
   Cabo Verde,CPV,132,2010,7293,7080
   Côte d'Ivoire,CIV,384,2010,1310459,1056078
   Gambia,GMB,270,2010,98123,87714
   Ghana,GHA,288,2010,180030,157736
   Guinea,GIN,324,2010,93267,85495
   Guinea-Bissau,GNB,624,2010,10463,10928
   Liberia,LBR,430,2010,56902,42263
   Mali,MLI,466,2010,173088,167990
   Mauritania,MRT,478,2010,48746,36174
   Niger,NER,562,2010,60042,66440
   Nigeria,NGA,566,2010,576648,413846
   Saint Helena*,SHN,654,2010,136,112
   Senegal,SEN,686,2010,135879,120213
   Sierra Leone,SLE,694,2010,43622,35643
   Togo,TGO,768,2010,129424,126140
   Kazakhstan,KAZ,398,2010,1625155,1709782
   Kyrgyzstan,KGZ,417,2010,94596,137469
   Tajikistan,TJK,762,2010,121780,158028
   Turkmenistan,TKM,795,2010,90634,107345
   Uzbekistan,UZB,860,2010,558379,661770
   China*,CHN,156,2010,505758,344103
"   China, Hong Kong SAR*",HKG,344,2010,1147539,1632411
"   China, Macao SAR*",MAC,446,2010,146407,172099
"   China, Taiwan Province of China*",TWN,158,2010,0,0
   Dem. People's Republic of Korea,PRK,408,2010,21766,22244
   Japan,JPN,392,2010,972481,1161670
   Mongolia,MNG,496,2010,11880,4182
   Republic of Korea,KOR,410,2010,515503,404484
   Brunei Darussalam,BRN,96,2010,56723,43864
   Cambodia,KHM,116,2010,43412,38616
   Indonesia,IDN,360,2010,176522,130965
   Lao People's Democratic Republic,LAO,418,2010,20133,12822
   Malaysia*,MYS,458,2010,1469977,947418
   Myanmar,MMR,104,2010,41574,34840
   Philippines,PHL,608,2010,107933,100666
   Singapore,SGP,702,2010,956856,1207938
   Thailand,THA,764,2010,1629881,1604500
   Timor-Leste,TLS,626,2010,5837,5703
   Viet Nam,VNM,704,2010,35971,25785
   Afghanistan,AFG,4,2010,57726,44550
   Bangladesh,BGD,50,2010,710548,634998
   Bhutan,BTN,64,2010,39283,9137
   India,IND,356,2010,2699495,2874523
   Iran (Islamic Republic of),IRN,364,2010,1490419,1231978
   Maldives,MDV,462,2010,41712,12947
   Nepal,NPL,524,2010,191167,390722
   Pakistan,PAK,586,2010,2075512,1868169
   Sri Lanka,LKA,144,2010,20694,18265
   Armenia,ARM,51,2010,85669,125478
   Azerbaijan*,AZE,31,2010,129512,147389
   Bahrain,BHR,48,2010,481344,185062
   Cyprus*,CYP,196,2010,82477,105995
   Georgia*,GEO,268,2010,31993,41085
   Iraq,IRQ,368,2010,74535,45931
   Israel,ISR,376,2010,892887,1063303
   Jordan,JOR,400,2010,1416784,1370069
   Kuwait,KWT,414,2010,1312111,562701
   Lebanon,LBN,422,2010,413057,380134
   Oman,OMN,512,2010,658753,157481
   Qatar,QAT,634,2010,1206571,249842
   Saudi Arabia,SAU,682,2010,5933281,2496675
   State of Palestine*,PSE,275,2010,124660,149180
   Syrian Arab Republic,SYR,760,2010,910982,872613
   Turkey,TUR,792,2010,629868,743881
   United Arab Emirates,ARE,784,2010,5463446,1853251
   Yemen,YEM,887,2010,156123,132271
   Belarus,BLR,112,2010,499384,590994
   Bulgaria,BGR,100,2010,33841,42446
   Czechia,CZE,203,2010,236160,162333
   Hungary,HUN,348,2010,210212,226404
   Poland,POL,616,2010,262263,380154
   Republic of Moldova*,MDA,498,2010,52198,77290
   Romania,ROU,642,2010,87667,89544
   Russian Federation,RUS,643,2010,5514401,5680309
   Slovakia,SVK,703,2010,66938,79381
   Ukraine*,UKR,804,2010,2072474,2746293
   Channel Islands*,CHA,830,2010,36982,40599
   Denmark*,DNK,208,2010,242029,258743
   Estonia,EST,233,2010,87644,130246
   Faroe Islands*,FRO,234,2010,2700,2396
   Finland*,FIN,246,2010,115105,113376
   Iceland,ISL,352,2010,17619,17472
   Ireland,IRL,372,2010,360440,370102
   Isle of Man*,IMN,833,2010,21361,22086
   Latvia,LVA,428,2010,124675,189111
   Lithuania,LTU,440,2010,69606,91166
   Norway*,NOR,578,2010,267235,257366
   Sweden,SWE,752,2010,648004,689210
   United Kingdom*,GBR,826,2010,3454456,3665208
   Albania,ALB,8,2010,26901,25883
   Andorra,AND,20,2010,27287,24766
   Bosnia and Herzegovina,BIH,70,2010,18581,20364
   Croatia,HRV,191,2010,268466,304782
   Gibraltar*,GIB,292,2010,5171,5198
   Greece,GRC,300,2010,640731,680418
   Holy See*,VAT,336,2010,375,408
   Italy,ITA,380,2010,2663889,3124004
   Malta,MLT,470,2010,17118,15890
   Montenegro,MNE,499,2010,31639,46873
   North Macedonia,MNP,807,2010,54067,75634
   Portugal,PRT,620,2010,371536,391289
   San Marino,SMR,674,2010,2761,2119
   Serbia*,SRB,688,2010,364757,461518
   Slovenia,SVN,705,2010,145138,108648
   Spain*,ESP,724,2010,3238234,3041828
   Austria,AUT,40,2010,607191,667710
   Belgium,BEL,56,2010,726881,776925
   France*,FRA,250,2010,3554527,3755459
   Germany,DEU,276,2010,4848689,4963574
   Liechtenstein,LIE,438,2010,10867,11475
   Luxembourg,LUX,442,2010,81420,81722
   Monaco,MCO,492,2010,10325,10807
   Netherlands*,NLD,528,2010,881264,951246
   Switzerland,CHE,756,2010,1005381,1069801
   Anguilla*,AIA,660,2010,2415,2688
   Antigua and Barbuda,ATG,28,2010,11788,14624
   Aruba*,ABW,533,2010,15312,19016
   Bahamas,BHS,44,2010,27883,26862
   Barbados,BRB,52,2010,14746,18079
"   Bonaire, Sint Eustatius and Saba*",BES,535,2010,0,0
   British Virgin Islands*,VGB,92,2010,8295,8781
   Cayman Islands*,CYM,136,2010,12310,11752
   Cuba,CUB,192,2010,3232,4141
   Curaçao*,CUW,531,2010,14196,20434
   Dominica,DMA,212,2010,4200,3910
   Dominican Republic,DOM,214,2010,239808,155671
   Grenada,GRD,308,2010,3463,3517
   Guadeloupe*,GLP,312,2010,42768,52174
   Haiti,HTI,332,2010,9552,7630
   Jamaica,JAM,388,2010,12024,11653
   Martinique*,MTQ,474,2010,26330,33245
   Montserrat*,MSR,500,2010,664,627
   Puerto Rico*,PRI,630,2010,142939,162030
   Saint Barthélemy*,BLM,652,2010,0,0
   Saint Kitts and Nevis,KNA,659,2010,3806,3439
   Saint Lucia,LCA,662,2010,4377,4673
   Saint Martin (French part)*,MAF,663,2010,0,0
   Saint Vincent and the Grenadines,VCT,670,2010,2302,2267
   Sint Maarten (Dutch part)*,SXM,534,2010,12570,13633
   Trinidad and Tobago,TTO,780,2010,23152,25074
   Turks and Caicos Islands*,TCA,796,2010,8907,8309
   United States Virgin Islands*,VIR,850,2010,26722,29962
   Belize,BLZ,84,2010,23475,22915
   Costa Rica,CRI,188,2010,196055,209724
   El Salvador,SLV,222,2010,19157,21185
   Guatemala,GTM,320,2010,30919,35467
   Honduras,HND,340,2010,14306,12982
   Mexico,MEX,484,2010,490779,478931
   Nicaragua,NIC,558,2010,19135,18210
   Panama,PAN,591,2010,81203,76585
   Argentina,ARG,32,2010,831696,974261
   Bolivia (Plurinational State of),BOL,68,2010,64380,58466
   Brazil,BRA,76,2010,319921,272719
   Chile,CHL,152,2010,178111,197277
   Colombia,COL,170,2010,68391,61918
   Ecuador,ECU,218,2010,193497,181756
   Falkland Islands (Malvinas)*,FLK,238,2010,807,629
   French Guiana*,GUF,254,2010,46564,49724
   Guyana,GUY,328,2010,4530,3652
   Paraguay,PRY,600,2010,83394,76905
   Peru,PER,604,2010,56097,48609
   Suriname,SUR,740,2010,21658,18055
   Uruguay,URY,858,2010,34535,41768
   Venezuela (Bolivarian Republic of),VEN,862,2010,676261,671086
   Bermuda*,BMU,60,2010,9035,9512
   Canada,CAN,124,2010,3236539,3524687
   Greenland*,GRL,304,2010,4119,1972
   Saint Pierre and Miquelon*,SPM,666,2010,531,486
   United States of America*,USA,840,2010,21694169,22489474
   Australia*,AUS,36,2010,2922030,2960950
   New Zealand*,NZL,554,2010,459047,488396
   Fiji,FJI,242,2010,7143,6214
   New Caledonia*,NCL,540,2010,32886,28272
   Papua New Guinea,PNG,598,2010,18466,11959
   Solomon Islands,SLB,90,2010,1546,1214
   Vanuatu,VUT,548,2010,1487,1504
   Guam*,GUM,316,2010,38924,36492
   Kiribati,KIR,296,2010,1512,1356
   Marshall Islands,MHL,584,2010,1895,1194
   Micronesia (Fed. States of),FSM,583,2010,1503,1303
   Nauru,NRU,520,2010,486,420
   Northern Mariana Islands*,MNP,580,2010,10223,13945
   Palau,PLW,585,2010,3211,2279
   American Samoa*,ASM,16,2010,12098,11457
   Cook Islands*,COK,184,2010,1895,1874
   French Polynesia*,PYF,258,2010,18037,13603
   Niue*,NIU,570,2010,319,270
   Samoa,WSM,882,2010,2594,2528
   Tokelau*,TKL,772,2010,543,585
   Tonga,TON,776,2010,2503,2104
   Tuvalu,TUV,798,2010,121,99
   Wallis and Futuna Islands*,WLF,876,2010,1066,1045
   Burundi,BY,108,2015,146970,151329
   Comoros,COM,174,2015,6071,6484
   Djibouti,DJI,262,2015,59081,53270
   Eritrea,ERI,232,2015,8833,7108
   Ethiopia,ETH,231,2015,591409,570233
   Kenya,KEN,404,2015,562909,563977
   Madagascar,MDG,450,2015,18270,13805
   Malawi,MWI,454,2015,93689,103639
   Mauritius*,MUS,480,2015,15832,12753
   Mayotte*,MYT,175,2015,37657,43729
   Mozambique,MOZ,508,2015,155510,166284
   Réunion*,REU,638,2015,64537,62672
   Rwanda,RWA,646,2015,256327,258320
   Seychelles,SYC,690,2015,8954,3837
   Somalia,SOM,706,2015,21584,19406
   South Sudan,SSD,728,2015,430944,413168
   Uganda,UGS,800,2015,415845,435330
   United Republic of Tanzania*,TZA,834,2015,190617,193950
   Zambia,ZMB,894,2015,66651,65456
   Zimbabwe,ZWE,716,2015,225653,174829
   Angola,AGO,24,2015,304635,327543
   Cameroon,CMR,120,2015,251311,257035
   Central African Republic,CAF,140,2015,43147,38421
   Chad,TCD,148,2015,215640,251328
   Congo,COG,178,2015,213764,176378
   Democratic Republic of the Congo,COD,180,2015,393966,416052
   Equatorial Guinea,GNQ,226,2015,161527,48084
   Gabon,GAB,266,2015,243782,134904
   Sao Tome and Principe,STP,678,2015,1197,1197
   Algeria,DZA,12,2015,126522,112951
   Egypt,EGY,818,2015,207433,146208
   Libya,LBY,434,2015,549153,221993
   Morocco,MAR,504,2015,46387,46037
   Sudan,SND,729,2015,311885,308638
   Tunisia,TUN,788,2015,29253,27279
   Western Sahara,ESH,732,2015,3059,2120
   Botswana,BWA,72,2015,58651,44402
   Eswatini,SWZ,748,2015,16627,15725
   Lesotho,LSO,426,2015,5037,4115
   Namibia,NAM,516,2015,54739,46879
   South Africa,ZAF,710,2015,1770914,1460814
   Benin,BEN,204,2015,172056,194228
   Burkina Faso,BFA,854,2015,335328,369348
   Cabo Verde,CPV,132,2015,7547,7377
   Côte d'Ivoire,CIV,384,2015,1368110,1102503
   Gambia,GMB,270,2015,101501,91039
   Ghana,GHA,288,2015,221026,193718
   Guinea,GIN,324,2015,74193,52464
   Guinea-Bissau,GNB,624,2015,10826,11507
   Liberia,LBR,430,2015,64079,48032
   Mali,MLI,466,2015,213218,207286
   Mauritania,MRT,478,2015,94070,72482
   Niger,NER,562,2015,119915,133083
   Nigeria,NGA,566,2015,657887,541228
   Saint Helena*,SHN,654,2015,251,126
   Senegal,SEN,686,2015,141402,125094
   Sierra Leone,SLE,694,2015,33077,25753
   Togo,TGO,768,2015,139540,137844
   Kazakhstan,KAZ,398,2015,1757828,1788232
   Kyrgyzstan,KGZ,417,2015,82616,121766
   Tajikistan,TJK,762,2015,118639,156462
   Turkmenistan,TKM,795,2015,91531,104845
   Uzbekistan,UZB,860,2015,545721,625152
   China*,CHN,156,2015,600136,377910
"   China, Hong Kong SAR*",HKG,344,2015,1120982,1720131
"   China, Macao SAR*",MAC,446,2015,174589,201477
"   China, Taiwan Province of China*",TWN,158,2015,0,0
   Dem. People's Republic of Korea,PRK,408,2015,24110,24348
   Japan,JPN,392,2015,1050070,1182119
   Mongolia,MNG,496,2015,13284,6602
   Republic of Korea,KOR,410,2015,760957,609948
   Brunei Darussalam,BRN,96,2015,58181,44552
   Cambodia,KHM,116,2015,39854,34108
   Indonesia,IDN,360,2015,196717,141407
   Lao People's Democratic Republic,LAO,418,2015,29335,16203
   Malaysia*,MYS,458,2015,1996220,1284461
   Myanmar,MMR,104,2015,40178,33131
   Philippines,PHL,608,2015,109783,102079
   Singapore,SGP,702,2015,1096394,1387011
   Thailand,THA,764,2015,1742708,1727512
   Timor-Leste,TLS,626,2015,5148,3372
   Viet Nam,VNM,704,2015,42168,30625
   Afghanistan,AFG,4,2015,171550,167882
   Bangladesh,BGD,50,2015,751741,670438
   Bhutan,BTN,64,2015,43396,7710
   India,IND,356,2015,2474515,2736332
   Iran (Islamic Republic of),IRN,364,2015,1487403,1242536
   Maldives,MDV,462,2015,56345,7928
   Nepal,NPL,524,2015,156361,353110
   Pakistan,PAK,586,2015,1845470,1661050
   Sri Lanka,LKA,144,2015,20745,18961
   Armenia,ARM,51,2015,77436,113763
   Azerbaijan*,AZE,31,2015,126656,137703
   Bahrain,BHR,48,2015,529546,192941
   Cyprus*,CYP,196,2015,77357,99336
   Georgia*,GEO,268,2015,33570,43115
   Iraq,IRQ,368,2015,209217,150135
   Israel,ISR,376,2015,912899,1098828
   Jordan,JOR,400,2015,1594808,1572153
   Kuwait,KWT,414,2015,1901855,964281
   Lebanon,LBN,422,2015,921661,994598
   Oman,OMN,512,2015,1552000,304226
   Qatar,QAT,634,2015,1416361,271279
   Saudi Arabia,SAU,682,2015,7461502,3309864
   State of Palestine*,PSE,275,2015,124710,148453
   Syrian Arab Republic,SYR,760,2015,426967,408749
   Turkey,TUR,792,2015,2390166,1956031
   United Arab Emirates,ARE,784,2015,5890170,2104956
   Yemen,YEM,887,2015,199390,180492
   Belarus,BLR,112,2015,495961,586944
   Bulgaria,BGR,100,2015,60058,63745
   Czechia,CZE,203,2015,239228,177226
   Hungary,HUN,348,2015,235719,239789
   Poland,POL,616,2015,256623,355232
   Republic of Moldova*,MDA,498,2015,43467,62907
   Romania,ROU,642,2015,146758,134290
   Russian Federation,RUS,643,2015,5715211,5928065
   Slovakia,SVK,703,2015,89011,88613
   Ukraine*,UKR,804,2015,2113924,2801218
   Channel Islands*,CHA,830,2015,39338,42969
   Denmark*,DNK,208,2015,291431,304445
   Estonia,EST,233,2015,80024,114640
   Faroe Islands*,FRO,234,2015,2783,2702
   Finland*,FIN,246,2015,159315,155541
   Iceland,ISL,352,2015,19070,20002
   Ireland,IRL,372,2015,376338,382918
   Isle of Man*,IMN,833,2015,20596,21642
   Latvia,LVA,428,2015,104011,161407
   Lithuania,LTU,440,2015,57508,78513
   Norway*,NOR,578,2015,389370,357005
   Sweden,SWE,752,2015,786870,815652
   United Kingdom*,GBR,826,2015,4021255,4385741
   Albania,ALB,8,2015,26517,25514
   Andorra,AND,20,2015,21485,20779
   Bosnia and Herzegovina,BIH,70,2015,18412,20185
   Croatia,HRV,191,2015,260473,300620
   Gibraltar*,GIB,292,2015,5591,5474
   Greece,GRC,300,2015,570529,672395
   Holy See*,VAT,336,2015,376,414
   Italy,ITA,380,2015,2637798,3167530
   Malta,MLT,470,2015,28332,24310
   Montenegro,MNE,499,2015,28178,43541
   North Macedonia,MNP,807,2015,54496,76234
   Portugal,PRT,620,2015,398390,466424
   San Marino,SMR,674,2015,2867,2328
   Serbia*,SRB,688,2015,355180,452261
   Slovenia,SVN,705,2015,134460,103156
   Spain*,ESP,724,2015,2884000,3007208
   Austria,AUT,40,2015,714537,768586
   Belgium,BEL,56,2015,869989,913499
   France*,FRA,250,2015,3808573,4069765
   Germany,DEU,276,2015,5037961,5182457
   Liechtenstein,LIE,438,2015,11605,12194
   Luxembourg,LUX,442,2015,126129,122759
   Monaco,MCO,492,2015,12599,13384
   Netherlands*,NLD,528,2015,952313,1044005
   Switzerland,CHE,756,2015,1103416,1154780
   Anguilla*,AIA,660,2015,2594,2877
   Antigua and Barbuda,ATG,28,2015,12524,15558
   Aruba*,ABW,533,2015,16108,20006
   Bahamas,BHS,44,2015,29963,29278
   Barbados,BRB,52,2015,15488,18987
"   Bonaire, Sint Eustatius and Saba*",BES,535,2015,0,0
   British Virgin Islands*,VGB,92,2015,9413,10122
   Cayman Islands*,CYM,136,2015,13406,12787
   Cuba,CUB,192,2015,2027,2622
   Curaçao*,CUW,531,2015,15467,22144
   Dominica,DMA,212,2015,4215,3878
   Dominican Republic,DOM,214,2015,353448,195841
   Grenada,GRD,308,2015,3502,3555
   Guadeloupe*,GLP,312,2015,38680,52276
   Haiti,HTI,332,2015,10036,8011
   Jamaica,JAM,388,2015,11765,11400
   Martinique*,MTQ,474,2015,29432,39742
   Montserrat*,MSR,500,2015,696,655
   Puerto Rico*,PRI,630,2015,130916,149578
   Saint Barthélemy*,BLM,652,2015,0,0
   Saint Kitts and Nevis,KNA,659,2015,3916,3527
   Saint Lucia,LCA,662,2015,4179,4494
   Saint Martin (French part)*,MAF,663,2015,0,0
   Saint Vincent and the Grenadines,VCT,670,2015,2355,2282
   Sint Maarten (Dutch part)*,SXM,534,2015,13077,14218
   Trinidad and Tobago,TTO,780,2015,24464,25557
   Turks and Caicos Islands*,TCA,796,2015,11759,10964
   United States Virgin Islands*,VIR,850,2015,26728,29993
   Belize,BLZ,84,2015,27473,27142
   Costa Rica,CRI,188,2015,197613,214084
   El Salvador,SLV,222,2015,20006,22053
   Guatemala,GTM,320,2015,35728,39124
   Honduras,HND,340,2015,20123,18207
   Mexico,MEX,484,2015,508232,505459
   Nicaragua,NIC,558,2015,20723,19538
   Panama,PAN,591,2015,94841,89869
   Argentina,ARG,32,2015,960310,1125991
   Bolivia (Plurinational State of),BOL,68,2015,74949,68059
   Brazil,BRA,76,2015,383457,326847
   Chile,CHL,152,2015,319714,320010
   Colombia,COL,170,2015,85158,74249
   Ecuador,ECU,218,2015,200352,187161
   Falkland Islands (Malvinas)*,FLK,238,2015,873,698
   French Guiana*,GUF,254,2015,50399,55709
   Guyana,GUY,328,2015,4794,3867
   Paraguay,PRY,600,2015,81303,75159
   Peru,PER,604,2015,91090,63684
   Suriname,SUR,740,2015,23544,19583
   Uruguay,URY,858,2015,35642,43157
   Venezuela (Bolivarian Republic of),VEN,862,2015,703458,700990
   Bermuda*,BMU,60,2015,9421,9791
   Canada,CAN,124,2015,3533164,3895493
   Greenland*,GRL,304,2015,3951,2058
   Saint Pierre and Miquelon*,SPM,666,2015,516,470
   United States of America*,USA,840,2015,23446873,24732004
   Australia*,AUS,36,2015,3343330,3386400
   New Zealand*,NZL,554,2015,502787,536949
   Fiji,FJI,242,2015,7421,6330
   New Caledonia*,NCL,540,2015,36181,32700
   Papua New Guinea,PNG,598,2015,18734,12206
   Solomon Islands,SLB,90,2015,1450,1135
   Vanuatu,VUT,548,2015,1583,1603
   Guam*,GUM,316,2015,39246,36843
   Kiribati,KIR,296,2015,1539,1380
   Marshall Islands,MHL,584,2015,2011,1273
   Micronesia (Fed. States of),FSM,583,2015,1473,1283
   Nauru,NRU,520,2015,1037,796
   Northern Mariana Islands*,MNP,580,2015,9100,12548
   Palau,PLW,585,2015,2996,1941
   American Samoa*,ASM,16,2015,11998,11515
   Cook Islands*,COK,184,2015,2090,2078
   French Polynesia*,PYF,258,2015,17136,12922
   Niue*,NIU,570,2015,319,269
   Samoa,WSM,882,2015,2151,2104
   Tokelau*,TKL,772,2015,564,621
   Tonga,TON,776,2015,2158,1796
   Tuvalu,TUV,798,2015,126,104
   Wallis and Futuna Islands*,WLF,876,2015,1035,1015
   Burundi,BY,108,2020,170125,174642
   Comoros,COM,174,2020,6044,6452
   Djibouti,DJI,262,2020,62863,56875
   Eritrea,ERI,232,2020,7815,6119
   Ethiopia,ETH,231,2020,536807,548710
   Kenya,KEN,404,2020,529975,520172
   Madagascar,MDG,450,2020,20262,15301
   Malawi,MWI,454,2020,93612,97750
   Mauritius*,MUS,480,2020,16003,12890
   Mayotte*,MYT,175,2020,51609,59931
   Mozambique,MOZ,508,2020,165490,173360
   Réunion*,REU,638,2020,66852,64917
   Rwanda,RWA,646,2020,259907,254000
   Seychelles,SYC,690,2020,9136,3914
   Somalia,SOM,706,2020,32285,26305
   South Sudan,SSD,728,2020,443405,438847
   Uganda,UGS,800,2020,827664,892649
   United Republic of Tanzania*,TZA,834,2020,213007,213010
   Zambia,ZMB,894,2020,97556,90399
   Zimbabwe,ZWE,716,2020,236561,179580
   Angola,AGO,24,2020,331401,325033
   Cameroon,CMR,120,2020,286254,292955
   Central African Republic,CAF,140,2020,46357,42189
   Chad,TCD,148,2020,249548,297946
   Congo,COG,178,2020,211403,176203
   Democratic Republic of the Congo,COD,180,2020,459052,493819
   Equatorial Guinea,GNQ,226,2020,177716,52902
   Gabon,GAB,266,2020,268032,148619
   Sao Tome and Principe,STP,678,2020,1067,1072
   Algeria,DZA,12,2020,132142,118236
   Egypt,EGY,818,2020,289552,254385
   Libya,LBY,434,2020,593797,232740
   Morocco,MAR,504,2020,52707,49651
   Sudan,SND,729,2020,685177,693970
   Tunisia,TUN,788,2020,31474,28671
   Western Sahara,ESH,732,2020,3205,2219
   Botswana,BWA,72,2020,62817,47451
   Eswatini,SWZ,748,2020,16921,15937
   Lesotho,LSO,426,2020,6537,5523
   Namibia,NAM,516,2020,59024,50367
   South Africa,ZAF,710,2020,1627294,1233201
   Benin,BEN,204,2020,185619,208657
   Burkina Faso,BFA,854,2020,344331,379658
   Cabo Verde,CPV,132,2020,7985,7803
   Côte d'Ivoire,CIV,384,2020,1420248,1144609
   Gambia,GMB,270,2020,113766,101893
   Ghana,GHA,288,2020,254403,222009
   Guinea,GIN,324,2020,71385,50052
   Guinea-Bissau,GNB,624,2020,8867,9078
   Liberia,LBR,430,2020,50694,37253
   Mali,MLI,466,2020,246308,239521
   Mauritania,MRT,478,2020,103203,79083
   Niger,NER,562,2020,162019,186037
   Nigeria,NGA,566,2020,713678,594890
   Saint Helena*,SHN,654,2020,306,131
   Senegal,SEN,686,2020,145591,129338
   Sierra Leone,SLE,694,2020,30408,23338
   Togo,TGO,768,2020,141807,138129
   Kazakhstan,KAZ,398,2020,1850097,1881976
   Kyrgyzstan,KGZ,417,2020,80456,118555
   Tajikistan,TJK,762,2020,119174,156857
   Turkmenistan,TKM,795,2020,92357,102563
   Uzbekistan,UZB,860,2020,543364,618643
   China*,CHN,156,2020,637952,401723
"   China, Hong Kong SAR*",HKG,344,2020,1107970,1854522
"   China, Macao SAR*",MAC,446,2020,187321,216169
"   China, Taiwan Province of China*",TWN,158,2020,0,0
   Dem. People's Republic of Korea,PRK,408,2020,24654,24895
   Japan,JPN,392,2020,1347156,1423840
   Mongolia,MNG,496,2020,14263,7082
   Republic of Korea,KOR,410,2020,958365,769817
   Brunei Darussalam,BRN,96,2020,63407,48552
   Cambodia,KHM,116,2020,42730,36611
   Indonesia,IDN,360,2020,206538,148967
   Lao People's Democratic Republic,LAO,418,2020,31393,17338
   Malaysia*,MYS,458,2020,2156265,1320295
   Myanmar,MMR,104,2020,41898,34548
   Philippines,PHL,608,2020,117105,108420
   Singapore,SGP,702,2020,1112517,1411131
   Thailand,THA,764,2020,1821857,1810639
   Timor-Leste,TLS,626,2020,5076,3323
   Viet Nam,VNM,704,2020,44471,32296
   Afghanistan,AFG,4,2020,69189,74909
   Bangladesh,BGD,50,2020,1093978,1021430
   Bhutan,BTN,64,2020,45524,8088
   India,IND,356,2020,2273912,2604792
   Iran (Islamic Republic of),IRN,364,2020,1517518,1279717
   Maldives,MDV,462,2020,61437,8642
   Nepal,NPL,524,2020,146930,340634
   Pakistan,PAK,586,2020,1812804,1463776
   Sri Lanka,LKA,144,2020,21196,19058
   Armenia,ARM,51,2020,78085,112264
   Azerbaijan*,AZE,31,2020,121007,131221
   Bahrain,BHR,48,2020,694238,241856
   Cyprus*,CYP,196,2020,85679,104687
   Georgia*,GEO,268,2020,34879,44489
   Iraq,IRQ,368,2020,201427,164339
   Israel,ISR,376,2020,886517,1067058
   Jordan,JOR,400,2020,1756637,1701054
   Kuwait,KWT,414,2020,2063430,1046729
   Lebanon,LBN,422,2020,839706,873056
   Oman,OMN,512,2020,1984025,388811
   Qatar,QAT,634,2020,1842785,383407
   Saudi Arabia,SAU,682,2020,9235130,4219712
   State of Palestine*,PSE,275,2020,124737,148047
   Syrian Arab Republic,SYR,760,2020,432279,436432
   Turkey,TUR,792,2020,3124165,2928487
   United Arab Emirates,ARE,784,2020,6419792,2296540
   Yemen,YEM,887,2020,223512,163601
   Belarus,BLR,112,2020,488713,578377
   Bulgaria,BGR,100,2020,91585,92778
   Czechia,CZE,203,2020,312941,227980
   Hungary,HUN,348,2020,303065,281502
   Poland,POL,616,2020,390449,426805
   Republic of Moldova*,MDA,498,2020,42743,61695
   Romania,ROU,642,2020,386946,318364
   Russian Federation,RUS,643,2020,5712089,5924822
   Slovakia,SVK,703,2020,100551,96610
   Ukraine*,UKR,804,2020,2149298,2848089
   Channel Islands*,CHA,830,2020,40190,43897
   Denmark*,DNK,208,2020,354476,363098
   Estonia,EST,233,2020,86767,112510
   Faroe Islands*,FRO,234,2020,3542,3270
   Finland*,FIN,246,2020,198822,187230
   Iceland,ISL,352,2020,35716,29708
   Ireland,IRL,372,2020,434756,436500
   Isle of Man*,IMN,833,2020,20987,22053
   Latvia,LVA,428,2020,97022,142400
   Lithuania,LTU,440,2020,73148,72036
   Norway*,NOR,578,2020,439206,413032
   Sweden,SWE,752,2020,1008006,995902
   United Kingdom*,GBR,826,2020,4464423,4895164
   Albania,ALB,8,2020,24908,23902
   Andorra,AND,20,2020,23333,22241
   Bosnia and Herzegovina,BIH,70,2020,16880,19162
   Croatia,HRV,191,2020,245564,282492
   Gibraltar*,GIB,292,2020,5656,5534
   Greece,GRC,300,2020,642639,697817
   Holy See*,VAT,336,2020,372,437
   Italy,ITA,380,2020,2965914,3421084
   Malta,MLT,470,2020,66055,48705
   Montenegro,MNE,499,2020,27995,43004
   North Macedonia,MNP,807,2020,54740,76571
   Portugal,PRT,620,2020,479936,522027
   San Marino,SMR,674,2020,2991,2552
   Serbia*,SRB,688,2020,362493,460518
   Slovenia,SVN,705,2020,162815,115149
   Spain*,ESP,724,2020,3272773,3569429
   Austria,AUT,40,2020,848395,889788
   Belgium,BEL,56,2020,984117,1021362
   France*,FRA,250,2020,4130737,4394139
   Germany,DEU,276,2020,7891635,7870822
   Liechtenstein,LIE,438,2020,12619,13258
   Luxembourg,LUX,442,2020,151653,146409
   Monaco,MCO,492,2020,12897,13704
   Netherlands*,NLD,528,2020,1134404,1223929
   Switzerland,CHE,756,2020,1222202,1269047
   Anguilla*,AIA,660,2020,2706,3009
   Antigua and Barbuda,ATG,28,2020,13120,16266
   Aruba*,ABW,533,2020,24307,29286
   Bahamas,BHS,44,2020,32161,31422
   Barbados,BRB,52,2020,15668,19201
"   Bonaire, Sint Eustatius and Saba*",BES,535,2020,0,0
   British Virgin Islands*,VGB,92,2020,10681,11483
   Cayman Islands*,CYM,136,2020,15017,14225
   Cuba,CUB,192,2020,1312,1712
   Curaçao*,CUW,531,2020,24958,32252
   Dominica,DMA,212,2020,4314,3970
   Dominican Republic,DOM,214,2020,382542,221252
   Grenada,GRD,308,2020,3292,3921
   Guadeloupe*,GLP,312,2020,37914,52292
   Haiti,HTI,332,2020,10499,8385
   Jamaica,JAM,388,2020,12008,11621
   Martinique*,MTQ,474,2020,29199,39425
   Montserrat*,MSR,500,2020,711,668
   Puerto Rico*,PRI,630,2020,114868,132264
   Saint Barthélemy*,BLM,652,2020,0,0
   Saint Kitts and Nevis,KNA,659,2020,4066,3659
   Saint Lucia,LCA,662,2020,4004,4334
   Saint Martin (French part)*,MAF,663,2020,0,0
   Saint Vincent and the Grenadines,VCT,670,2020,2443,2295
   Sint Maarten (Dutch part)*,SXM,534,2020,13822,15023
   Trinidad and Tobago,TTO,780,2020,39179,39670
   Turks and Caicos Islands*,TCA,796,2020,13325,12423
   United States Virgin Islands*,VIR,850,2020,26744,30009
   Belize,BLZ,84,2020,31210,30833
   Costa Rica,CRI,188,2020,263636,257093
   El Salvador,SLV,222,2020,20344,22423
   Guatemala,GTM,320,2020,39916,44395
   Honduras,HND,340,2020,20575,18620
   Mexico,MEX,484,2020,601509,596115
   Nicaragua,NIC,558,2020,21683,20484
   Panama,PAN,591,2020,167057,146108
   Argentina,ARG,32,2020,1062533,1219195
   Bolivia (Plurinational State of),BOL,68,2020,85961,78160
   Brazil,BRA,76,2020,582881,496827
   Chile,CHL,152,2020,830073,814942
   Colombia,COL,170,2020,953735,951658
   Ecuador,ECU,218,2020,406860,377927
   Falkland Islands (Malvinas)*,FLK,238,2020,1089,868
   French Guiana*,GUF,254,2020,56642,62607
   Guyana,GUY,328,2020,14497,16672
   Paraguay,PRY,600,2020,88311,81256
   Peru,PER,604,2020,642404,582115
   Suriname,SUR,740,2020,26271,21530
   Uruguay,URY,858,2020,50937,57330
   Venezuela (Bolivarian Republic of),VEN,862,2020,652823,671370
   Bermuda*,BMU,60,2020,9724,10015
   Canada,CAN,124,2020,3828361,4220962
   Greenland*,GRL,304,2020,3822,2077
   Saint Pierre and Miquelon*,SPM,666,2020,523,475
   United States of America*,USA,840,2020,24478996,26153840
   Australia*,AUS,36,2020,3812187,3873673
   New Zealand*,NZL,554,2020,668164,713560
   Fiji,FJI,242,2020,7601,6486
   New Caledonia*,NCL,540,2020,38284,34857
   Papua New Guinea,PNG,598,2020,18895,12173
   Solomon Islands,SLB,90,2020,1415,1105
   Vanuatu,VUT,548,2020,1619,1638
   Guam*,GUM,316,2020,41508,38964
   Kiribati,KIR,296,2020,1650,1476
   Marshall Islands,MHL,584,2020,2021,1277
   Micronesia (Fed. States of),FSM,583,2020,1515,1317
   Nauru,NRU,520,2020,1297,904
   Northern Mariana Islands*,MNP,580,2020,9183,12660
   Palau,PLW,585,2020,2888,2200
   American Samoa*,ASM,16,2020,12047,11561
   Cook Islands*,COK,184,2020,2290,2289
   French Polynesia*,PYF,258,2020,17150,12931
   Niue*,NIU,570,2020,319,269
   Samoa,WSM,882,2020,2031,1990
   Tokelau*,TKL,772,2020,586,652
   Tonga,TON,776,2020,2044,1698
   Tuvalu,TUV,798,2020,132,107
   Wallis and Futuna Islands*,WLF,876,2020,1030,1010
